Automake was originally written by David J. MacKenzie <djm@uunet.uu.net>.
It would not be what it is today without the invaluable help of these
people:

Adam J. Richter		adam@yggdrasil.com
Adrian Bunk		bunk@fs.tum.de
Akim Demaille		akim@freefriends.org
Alan Modra		amodra@bigpond.net.au
Alex Hornby		alex@anvil.co.uk
Alexander Mai		st002279@hrzpub.tu-darmstadt.de
Alexander V. Lukyanov	lav@yars.free.net
Alexander Turbov	zaufi@sendmail.ru
Alexandre Duret-Lutz	duret_g@epita.fr
Alexey Mahotkin		alexm@hsys.msk.ru
Andreas Buening		andreas.buening@nexgo.de
Andreas Schwab		schwab@suse.de
Andrew Cagney		cagney@tpgi.com.au
Andrew Suffield		asuffield@debian.org
Andris Pavenis		pavenis@lanet.lv
Angus Leeming		a.leeming@ic.ac.uk
Anthony Green		green@cygnus.com
Arkadiusz Miskiewicz	misiek@pld.ORG.PL
Art Haas		ahaas@neosoft.com
Assar Westerlund	assar@sics.se
Axel Belinfante		Axel.Belinfante@cs.utwente.nl
Bernard Giroud		bernard.giroud@creditlyonnais.ch
Bernard Urban		Bernard.Urban@meteo.fr
Bernd Jendrissek	berndfoobar@users.sourceforge.net
Bill Currie		bcurrie@tssc.co.nz
Bill Davidson		bill@kayhay.com
Bill Fenner		fenner@parc.xerox.com
Bob Proulx		rwp@hprwp.fc.hp.com
Braden N. McDaniel	braden@endoframe.com
Brendan O'Dea		bod@compusol.com.au
Brian Ford		ford@vss.fsi.com
Brian Jones		cbj@nortel.net
Bruno Haible		haible@ilog.fr
Charles Wilson		cwilson@ece.gatech.edu
Chris Provenzano	proven@io.proven.org
Christian Cornelssen	ccorn@cs.tu-berlin.de
danbp			danpb@nospam.postmaster.co.uk
Dave Brolley		brolley@redhat.com
Dave Morrison		dave@bnl.gov
David A. Swierczek	swiercze@mr.med.ge.com
David Pashley		david@davidpashley.com
David Zaroski		cz253@cleveland.Freenet.Edu
Dean Povey		dpovey@wedgetail.com
Derek R. Price		derek.price@openavenue.com
Didier Cassirame	faded@free.fr
Dieter Baron		dillo@stieltjes.smc.univie.ac.at
Dmitry Mikhin		dmitrym@acres.com.au
Doug Evans		devans@cygnus.com
Duncan Gibson		duncan@thermal.esa.int
Eleftherios Gkioulekas	lf@amath.washington.edu
Elmar Hoffmann		elho@elho.net
Elrond			Elrond@Wunder-Nett.org
Enrico Scholz		enrico.scholz@informatik.tu-chemnitz.de
Erez Zadok		ezk@cs.columbia.edu
Eric Magnien		emagnien@club-internet.fr
Eric Siegerman		erics_97@pobox.com
Erick Branderhorst	branderh@iaehv.nl
Erik Lindahl		E.Lindahl@chem.rug.nl
Ezra Peisach		epeisach@MED-XTAL.BU.EDU
Flavien Astraud		flav42@yahoo.fr
François Pinard		pinard@iro.umontreal.ca
Fred Fish		fnf@ninemoons.com
Ganesan Rajagopal	rganesan@novell.com
Garrett D'Amore		garrett@qualcomm.com
Garth Corral		garthc@inktomi.com
Gary V Vaughan		gvaughan@oranda.demon.co.uk
Glenn Amerine		glenn@pie.mhsc.org
Gord Matzigkeit		gord@gnu.ai.mit.edu
Gordon Sadler		gbsadler1@lcisp.com
Greg A. Woods		woods@most.weird.com
Guido Draheim		guidod@gmx.de
Gustavo Carneiro	gjc@inescporto.pt
Gwenole Beauchesne      gbeauchesne@mandrakesoft.com
H.J. Lu			hjl@lucon.org
H.Merijn Brand		h.m.brand@hccnet.nl
Harlan Stenn		Harlan.Stenn@pfcs.com
Henrik Frystyk Nielsen	frystyk@w3.org
Ian Lance Taylor	ian@cygnus.com
Imacat			imacat@mail.imacat.idv.tw
Inoue			inoue@ainet.or.jp
James Henstridge	james@daa.com.au
James R. Van Zandt	jrv@vanzandt.mv.com
James Youngman		jay@gnu.org
Janos Farkas		chexum@shadow.banki.hu
Jared Davis		abiword@aiksaurus.com
Jason Duell		jcduell@lbl.gov
Jason Molenda		crash@cygnus.co.jp
Jeff Bailey		Jbailey@phn.ca
Jeff Garzik		jgarzik@pobox.com
Jeff Squyres		jsquyres@lam-mpi.org
Jens Elkner		elkner@imsgroup.de
Jens Krüger		jens_krueger@physik.tu-muenchen.de
Jeremy Nimmer		jwnimmer@alum.mit.edu
Jerome Lovy		jlovy@multimania.com
Jerome Santini		santini@chambord.univ-orleans.fr
Jim Meyering		meyering@na-net.ornl.gov
Jochen Kuepper		jochen@uni-duesseldorf.de
Joel N. Weber II	nemo@koa.iolani.honolulu.hi.us
Joerg-Martin Schwarz	jms@jms.prima.ruhr.de
Johan Danielsson	joda@pdc.kth.se
John Pierce		hawkfan@pyrotechnics.com
John W. Coomes		jcoomes@eng.Sun.COM
Josh MacDonald		jmacd@cs.berkeley.edu
Joshua Cowan		jcowan@jcowan.reslife.okstate.edu
js pendry		js.pendry@msdw.com
Juergen A. Erhard	jae@laden.ilk.de
Juergen Keil		jk@tools.de
Karl Berry		kb@cs.umb.edu
Karl Heuer		kwzh@gnu.org
Kevin Dalley		kevin@aimnet.com
Kevin P. Fleming.	kpfleming@cox.net
Kevin Ryde		user42@zip.com.au
Kevin Street		street@iname.com
Klaus Reichl		Klaus.Reichl@alcatel.at
L. Peter Deutsch	ghost@aladdin.com
Ladislav Strojil	Ladislav.Strojil@seznam.cz
Larry Jones		larry.jones@sdrc.com
Lars Hecking		lhecking@nmrc.ucc.ie
Lars J. Aas		larsa@sim.no
Laurent Morichetti	laurentm@cup.hp.com
Leo Davis		ldavis@fonix.com
Maciej Stachowiak	mstachow@mit.edu
Maciej W. Rozycki	macro@ds2.pg.gda.pl
Manu Rouat		emmanuel.rouat@wanadoo.fr
Marcus Brinkmann	Marcus.Brinkmann@ruhr-uni-bochum.de
Marcus G. Daniels	mgd@ute.santafe.edu
Marius Vollmer		mvo@zagadka.ping.de
Mark Eichin		eichin@cygnus.com
Mark Elbrecht		snowball3@bigfoot.com
Mark Galassi		rosalia@nis.lanl.gov
Markku Rossi		mtr@ngs.fi
Markus F.X.J. Oberhumer	k3040e4@wildsau.idv-edu.uni-linz.ac.at
Martin Frydl		martin@idoox.com
Mathias Doreille	doreille@smr.ch
Matt Leach		mleach@cygnus.com
Matthew D. Langston	langston@SLAC.Stanford.EDU
Matthias Andree		matthias.andree@gmx.de
Matthias Clasen		clasen@mathematik.uni-freiburg.de
Maxim Sinev		good@goods.ru
Merijn de Jonge		M.de.Jonge@cwi.nl
Michael Brantley	Michael-Brantley@deshaw.com
Michel de Ruiter	mdruiter@cs.vu.nl
Mike Castle		dalgoda@ix.netcom.com
Miles Bader		miles@ccs.mt.nec.co.jp
Miloslav Trmac		trmac@popelka.ms.mff.cuni.cz
Miodrag Vallat		miodrag@ifrance.com
Mirko Streckenbach	strecken@infosun.fmi.uni-passau.de
Morten Eriksen		mortene@sim.no
Motoyuki Kasahara	m-kasahr@sra.co.jp
Nelson H. F. Beebe	beebe@math.utah.edu
Nicolas Joly		njoly@pasteur.fr
Nicolas Thiery		nthiery@Icare.mines.edu
NISHIDA Keisuke		knishida@nn.iij4u.or.jp
Noah Friedman		friedman@gnu.ai.mit.edu
Norman Gray		norman@astro.gla.ac.uk
Nyul Laszlo		nyul@sol.cc.u-szeged.hu
OKUJI Yoshinori		okuji@kuicr.kyoto-u.ac.jp
Olivier Louchart-Fletcher olivier@zipworld.com.au
Olly Betts		olly@muscat.co.uk
Owen Taylor		otaylor@redhat.com
Patrick Welche		prlw1@newn.cam.ac.uk
Patrik Weiskircher	me@justp.at
Paul Berrevoets		paul@swi.com
Paul D. Smith		psmith@BayNetworks.COM
Paul Eggert 		eggert@twinsun.com
Paul Jarc		prj@po.cwru.edu
Paul Martinolich	martinol@datasync.com
Pavel Roskin		pavel_roskin@geocities.com
Per Bothner		bothner@cygnus.com
Per Cederqvist		ceder@lysator.liu.se
Per Oyvind Hvidsten	poeh@enter.vg
Peter Breitenlohner     peb@mppmu.mpg.de
Peter Gavin		pgavin@debaser.kicks-ass.org
Peter Mattis		petm@scam.XCF.Berkeley.EDU
Peter Muir		iyhi@yahoo.com
Petter Reinholdtsen	pere@hungry.com
Phil Nelson		phil@cs.wwu.edu
Philip Fong		pwlfong@users.sourceforge.net
Philip S Tellis		philip@ncst.ernet.in
Rainer Orth		ro@techfak.uni-bielefeld.de
Rafael Laboissiere	laboissiere@psy.mpg.de
Raja R Harinath		harinath@cs.umn.edu
Ralf Corsepius		corsepiu@faw.uni-ulm.de
Ralf Wildenhues		Ralf.Wildenhues@gmx.de
Ralph Schleicher	rs@purple.UL.BaWue.DE
Ramón García Fernández	ramon@jl1.quim.ucm.es
Rich Wales		richw@webcom.com
Richard Boulton		richard@tartarus.org
Richard Dawe		rich@phekda.freeserve.co.uk
Rob Savoye		rob@cygnus.com
Robert Bihlmeyer	robbe@orcus.priv.at
Robert Boehne		rboehne@ricardo-us.com
Robert Collins		robert.collins@itdomain.com.au
Ronald Landheer		ronald@landheer.com
Rusty Ballinger		rusty@rlyeh.engr.sgi.com
Ryan T. Sammartino	ryants@shaw.ca
Sam Hocevar		sam@zoy.org
Sander Niemeijer	niemeijer@science-and-technology.nl
Scott James Remnant	scott@netsplit.com
Sergey Vlasov		vsu@mivlgu.murom.ru
Seth Alves		alves@hungry.com
Shuhei Amakawa		sa264@cam.ac.uk
Shigio Yamaguchi	shigio@tamacom.com
Simon Josefsson		jas@extundo.com
Simon Richter		sjr@debian.org
Stepan Kasal		kasal@math.cas.cz
Steve M. Robbins	steve@nyongwa.montreal.qc.ca
Sven Verdoolaege	skimo@kotnet.org
Tamara L. Dahlgren	dahlgren1@llnl.gov
Tatu Ylonen		ylo@ssh.fi
The Crimson Binome	steve@nyongwa.montreal.qc.ca
Thien-Thi Nguyen	ttn@glug.org
Thomas Gagne		tgagne@ix.netcom.com
Thomas Morgan		tmorgan@pobox.com
Thomas Tanner		tanner@ffii.org
Tim Goodwin		tjg@star.le.ac.uk
Tim Mooney		mooney@dogbert.cc.ndsu.NoDak.edu
Tim Van Holder		tim.van.holder@pandora.be
Tom Epperly		tepperly@llnl.gov
Ulrich Drepper		drepper@gnu.ai.mit.edu
Vadim Zeitlin		Vadim.zeitlin@dptmaths.ens-cachan.fr
Werner Koch		wk@isil.d.shuttle.de
William S Fulton	wsf@fultondesigns.co.uk
Yann Droneaud		ydroneaud@meuh.eu.org
